{"note":"This file is an internal implementation detail to speed up HTML report generation. Its format can change at any time. You might be looking for the JSON report: https://coverage.rtfd.io/cmd.html#cmd-json","format":5,"version":"7.6.0","globals":"368920a7aded2e65c05a3cb285e5923c","files":{"z_db4652d27126adc6___init___py":{"hash":"e6baa73cda2916dad605215f937a92e1","index":{"url":"z_db4652d27126adc6___init___py.html","file":"blog\\__init__.py","description":"","nums":{"precision":0,"n_files":1,"n_statements":0,"n_excluded":0,"n_missing":0,"n_branches":0,"n_partial_branches":0,"n_missing_branches":0}}},"z_db4652d27126adc6_admin_py":{"hash":"c2d3e87933051d712456a2473ea2cbea","index":{"url":"z_db4652d27126adc6_admin_py.html","file":"blog\\admin.py","description":"","nums":{"precision":0,"n_files":1,"n_statements":3,"n_excluded":0,"n_missing":0,"n_branches":0,"n_partial_branches":0,"n_missing_branches":0}}},"z_db4652d27126adc6_apps_py":{"hash":"cb00a81f1c2fd2169ed8db57b4c696bd","index":{"url":"z_db4652d27126adc6_apps_py.html","file":"blog\\apps.py","description":"","nums":{"precision":0,"n_files":1,"n_statements":3,"n_excluded":0,"n_missing":0,"n_branches":0,"n_partial_branches":0,"n_missing_branches":0}}},"z_cd9e903932682160_0001_initial_py":{"hash":"251b66336e08709daaf8a70c8ad0897d","index":{"url":"z_cd9e903932682160_0001_initial_py.html","file":"blog\\migrations\\0001_initial.py","description":"","nums":{"precision":0,"n_files":1,"n_statements":8,"n_excluded":0,"n_missing":0,"n_branches":0,"n_partial_branches":0,"n_missing_branches":0}}},"z_cd9e903932682160_0002_alter_post_id_py":{"hash":"569391c4d338e59c87e5ef9b43defc01","index":{"url":"z_cd9e903932682160_0002_alter_post_id_py.html","file":"blog\\migrations\\0002_alter_post_id.py","description":"","nums":{"precision":0,"n_files":1,"n_statements":4,"n_excluded":0,"n_missing":0,"n_branches":0,"n_partial_branches":0,"n_missing_branches":0}}},"z_cd9e903932682160___init___py":{"hash":"e6baa73cda2916dad605215f937a92e1","index":{"url":"z_cd9e903932682160___init___py.html","file":"blog\\migrations\\__init__.py","description":"","nums":{"precision":0,"n_files":1,"n_statements":0,"n_excluded":0,"n_missing":0,"n_branches":0,"n_partial_branches":0,"n_missing_branches":0}}},"z_db4652d27126adc6_models_py":{"hash":"5af4a164041c143b6119b37f66996cba","index":{"url":"z_db4652d27126adc6_models_py.html","file":"blog\\models.py","description":"","nums":{"precision":0,"n_files":1,"n_statements":13,"n_excluded":0,"n_missing":0,"n_branches":0,"n_partial_branches":0,"n_missing_branches":0}}},"z_db4652d27126adc6_tests_py":{"hash":"3b9d56c2d54cda3ec6150df9888e19d9","index":{"url":"z_db4652d27126adc6_tests_py.html","file":"blog\\tests.py","description":"","nums":{"precision":0,"n_files":1,"n_statements":66,"n_excluded":0,"n_missing":0,"n_branches":0,"n_partial_branches":0,"n_missing_branches":0}}},"z_db4652d27126adc6_urls_py":{"hash":"2308ad1b204e9646b221e4624d7f6fa5","index":{"url":"z_db4652d27126adc6_urls_py.html","file":"blog\\urls.py","description":"","nums":{"precision":0,"n_files":1,"n_statements":4,"n_excluded":0,"n_missing":0,"n_branches":0,"n_partial_branches":0,"n_missing_branches":0}}},"z_db4652d27126adc6_views_py":{"hash":"ab0f87800b9cef0434538196a4e09072","index":{"url":"z_db4652d27126adc6_views_py.html","file":"blog\\views.py","description":"","nums":{"precision":0,"n_files":1,"n_statements":51,"n_excluded":0,"n_missing":7,"n_branches":0,"n_partial_branches":0,"n_missing_branches":0}}},"z_9626d36db42b580c___init___py":{"hash":"e6baa73cda2916dad605215f937a92e1","index":{"url":"z_9626d36db42b580c___init___py.html","file":"django_project\\__init__.py","description":"","nums":{"precision":0,"n_files":1,"n_statements":0,"n_excluded":0,"n_missing":0,"n_branches":0,"n_partial_branches":0,"n_missing_branches":0}}},"z_9626d36db42b580c_settings_py":{"hash":"b7a258abd39b55a56a108b478483a0cd","index":{"url":"z_9626d36db42b580c_settings_py.html","file":"django_project\\settings.py","description":"","nums":{"precision":0,"n_files":1,"n_statements":30,"n_excluded":0,"n_missing":0,"n_branches":0,"n_partial_branches":0,"n_missing_branches":0}}},"z_9626d36db42b580c_urls_py":{"hash":"1f07550a0069bac8969d209c430f00ff","index":{"url":"z_9626d36db42b580c_urls_py.html","file":"django_project\\urls.py","description":"","nums":{"precision":0,"n_files":1,"n_statements":9,"n_excluded":0,"n_missing":1,"n_branches":0,"n_partial_branches":0,"n_missing_branches":0}}},"manage_py":{"hash":"1311ab569accad39344b76b26878b091","index":{"url":"manage_py.html","file":"manage.py","description":"","nums":{"precision":0,"n_files":1,"n_statements":9,"n_excluded":0,"n_missing":2,"n_branches":0,"n_partial_branches":0,"n_missing_branches":0}}},"z_f6c68bdc9becfc1e___init___py":{"hash":"e6baa73cda2916dad605215f937a92e1","index":{"url":"z_f6c68bdc9becfc1e___init___py.html","file":"users\\__init__.py","description":"","nums":{"precision":0,"n_files":1,"n_statements":0,"n_excluded":0,"n_missing":0,"n_branches":0,"n_partial_branches":0,"n_missing_branches":0}}},"z_f6c68bdc9becfc1e_admin_py":{"hash":"0d98da20d72c7c814f58f1b80b240c51","index":{"url":"z_f6c68bdc9becfc1e_admin_py.html","file":"users\\admin.py","description":"","nums":{"precision":0,"n_files":1,"n_statements":3,"n_excluded":0,"n_missing":0,"n_branches":0,"n_partial_branches":0,"n_missing_branches":0}}},"z_f6c68bdc9becfc1e_apps_py":{"hash":"37edbf9682491c074014adb4d3ab5974","index":{"url":"z_f6c68bdc9becfc1e_apps_py.html","file":"users\\apps.py","description":"","nums":{"precision":0,"n_files":1,"n_statements":5,"n_excluded":0,"n_missing":0,"n_branches":0,"n_partial_branches":0,"n_missing_branches":0}}},"z_f6c68bdc9becfc1e_forms_py":{"hash":"bedd7be3111d2abea151a77a7a09759f","index":{"url":"z_f6c68bdc9becfc1e_forms_py.html","file":"users\\forms.py","description":"","nums":{"precision":0,"n_files":1,"n_statements":18,"n_excluded":0,"n_missing":0,"n_branches":0,"n_partial_branches":0,"n_missing_branches":0}}},"z_fff39e3ca0aaeed4_0001_initial_py":{"hash":"c5817f9e28e407e9f52bc92a47a125e5","index":{"url":"z_fff39e3ca0aaeed4_0001_initial_py.html","file":"users\\migrations\\0001_initial.py","description":"","nums":{"precision":0,"n_files":1,"n_statements":7,"n_excluded":0,"n_missing":0,"n_branches":0,"n_partial_branches":0,"n_missing_branches":0}}},"z_fff39e3ca0aaeed4_0002_alter_profile_id_py":{"hash":"c8c91caccf469991afaa94cbfcaa0669","index":{"url":"z_fff39e3ca0aaeed4_0002_alter_profile_id_py.html","file":"users\\migrations\\0002_alter_profile_id.py","description":"","nums":{"precision":0,"n_files":1,"n_statements":4,"n_excluded":0,"n_missing":0,"n_branches":0,"n_partial_branches":0,"n_missing_branches":0}}},"z_fff39e3ca0aaeed4___init___py":{"hash":"e6baa73cda2916dad605215f937a92e1","index":{"url":"z_fff39e3ca0aaeed4___init___py.html","file":"users\\migrations\\__init__.py","description":"","nums":{"precision":0,"n_files":1,"n_statements":0,"n_excluded":0,"n_missing":0,"n_branches":0,"n_partial_branches":0,"n_missing_branches":0}}},"z_f6c68bdc9becfc1e_models_py":{"hash":"d3d08d8deb6cf6bc91fa11c1cd8b8ba2","index":{"url":"z_f6c68bdc9becfc1e_models_py.html","file":"users\\models.py","description":"","nums":{"precision":0,"n_files":1,"n_statements":15,"n_excluded":0,"n_missing":4,"n_branches":0,"n_partial_branches":0,"n_missing_branches":0}}},"z_f6c68bdc9becfc1e_signals_py":{"hash":"eff899877cde3b0262d49528fa946d7f","index":{"url":"z_f6c68bdc9becfc1e_signals_py.html","file":"users\\signals.py","description":"","nums":{"precision":0,"n_files":1,"n_statements":11,"n_excluded":0,"n_missing":0,"n_branches":0,"n_partial_branches":0,"n_missing_branches":0}}},"z_f6c68bdc9becfc1e_tests_py":{"hash":"d3cf8cb4b4b9ad2b67ef1959e0117735","index":{"url":"z_f6c68bdc9becfc1e_tests_py.html","file":"users\\tests.py","description":"","nums":{"precision":0,"n_files":1,"n_statements":30,"n_excluded":0,"n_missing":0,"n_branches":0,"n_partial_branches":0,"n_missing_branches":0}}},"z_f6c68bdc9becfc1e_views_py":{"hash":"985d1349e0de2000addd040896cab89a","index":{"url":"z_f6c68bdc9becfc1e_views_py.html","file":"users\\views.py","description":"","nums":{"precision":0,"n_files":1,"n_statements":32,"n_excluded":0,"n_missing":23,"n_branches":0,"n_partial_branches":0,"n_missing_branches":0}}}}}